----Create Mobile database
create database MobileDB;
go
use MobileDB;

--create calls table
create table Call (
					CallsID bigint identity(36912,1) primary key,
					MobileID bigint,
					CalledNumber varchar(20),
					CallDate date,
					CallTime time,
					CallDuration int,
					DataUsage bigint);

---Insert records into Calls
go
begin
insert into Call(MobileID,CalledNumber,CallDate,CallTime,CallDuration,DataUsage) values	    (4500,'97398093','2019-02-24','03:06:07',72,NULL),
																								(4500,'94266228','2019-09-10','19:02:29',767,NULL),
																								(4500,'92692519','2019-06-03','10:38:04',397,NULL),
																								(4500,'410720233','2019-12-01','14:04:38',241,NULL),
																								(4500,'410164473','2019-05-06','00:40:32',47,NULL),
																								(4500,'90492732','2019-11-12','02:36:32',444,NULL),
																								(4500,'410569805','2019-11-10','02:58:04',490,NULL),
																								(4500,'95434202','2019-12-22','12:13:24',231,NULL),
																								(4500,'411142651','2019-11-25','05:48:37',335,NULL),
																								(4500,'410747580','2018-07-29','04:17:43',26,NULL),
																								(4500,'410056580','2018-07-17','11:27:26',288,NULL),
																								(4500,'410795074','2019-01-13','06:57:47',66,NULL),
																								(4500,'410519042','2019-10-12','04:58:34',125,NULL),
																								(4500,'92003722','2019-01-25','07:26:46',186,NULL),
																								(4500,'411285793','2019-03-07','15:50:02',450,NULL),
																								(4500,'413196314','2018-08-04','19:57:04',3,NULL),
																								(4500,'411595488','2019-06-01','01:26:45',777,NULL),
																								(4500,'411461458','2019-03-05','07:25:55',338,NULL),
																								(4500,'412468332','2018-06-19','07:56:43',80,NULL),
																								(4500,'93841676','2019-08-13','13:25:46',607,NULL),
																								(4500,'413007341','2018-05-27','13:25:25',77,NULL),
																								(4500,'95524773','2019-11-01','02:16:14',41,NULL),
																								(4500,'97044298','2019-06-16','16:52:59',541,NULL),
																								(4500,'411491631','2018-07-13','15:50:52',269,NULL),
																								(4500,'95492332','2019-02-09','06:10:04',345,NULL),
																								(4500,'95964607','2019-06-19','13:15:09',19,NULL),
																								(4500,'411705783','2019-12-17','20:06:13',487,NULL),
																								(4500,'98419764','2018-03-22','13:29:40',27,NULL),
																								(4500,'94126841','2019-10-28','22:06:58',171,NULL),
																								(4500,'92428633','2019-10-04','15:34:09',718,NULL),
																								(4500,'93822130','2019-07-17','04:33:26',130,NULL),
																								(4500,'94874043','2019-06-26','16:07:05',598,NULL),
																								(4500,'412929196','2019-04-13','05:00:40',397,NULL),
																								(4500,'413047233','2019-02-25','18:55:59',403,NULL),
																								(4500,'410816929','2019-09-24','09:48:39',322,NULL),
																								(4500,'98313416','2018-05-17','08:33:12',503,NULL),
																								(4500,'91940427','2019-10-24','14:01:33',39,NULL),
																								(4501,'410319857','2017-10-19','10:19:40',95,NULL),
																								(4501,'97734585','2017-11-27','01:11:39',208,NULL),
																								(4501,'93545052','2019-04-15','11:30:54',773,NULL),
																								(4501,'94892160','2018-02-25','13:03:49',21,NULL),
																								(4501,'411353283','2018-03-21','16:32:28',637,NULL),
																								(4501,'412649652','2018-08-06','18:34:56',290,NULL),
																								(4501,'92682302','2019-04-29','06:04:32',402,NULL),
																								(4501,'92578054','2017-09-01','03:58:22',509,NULL),
																								(4501,'411995560','2017-11-14','13:36:45',104,NULL),
																								(4501,'411557040','2018-02-07','00:34:40',345,NULL),
																								(4501,'93975471','2017-08-23','19:14:19',562,NULL),
																								(4501,'93670742','2018-08-19','09:42:22',730,NULL),
																								(4501,'90690902','2018-08-06','05:52:21',84,NULL),
																								(4501,'412345743','2017-09-02','19:49:31',395,NULL),
																								(4501,'95684776','2018-11-13','21:13:11',576,NULL),
																								(4501,'410982129','2018-01-02','04:20:32',523,NULL),
																								(4501,'97738782','2018-03-08','22:42:10',200,NULL),
																								(4501,'412610686','2018-04-23','10:14:23',325,NULL),
																								(4501,'97345606','2019-03-04','08:36:04',15,NULL),
																								(4501,'413347475','2017-11-07','21:47:32',42,NULL),
																								(4501,'92638371','2018-01-30','08:40:02',324,NULL),
																								(4501,'412031376','2019-04-15','09:38:14',378,NULL),
																								(4501,'91936577','2018-10-14','17:27:26',112,NULL),
																								(4501,'95524395','2018-08-06','05:25:49',92,NULL),
																								(4501,'410611306','2018-10-25','07:38:00',258,NULL),
																								(4501,'412208047','2018-11-29','00:21:16',68,NULL),
																								(4501,'413844328','2018-07-11','22:28:51',444,NULL),
																								(4501,'412202936','2018-03-13','23:42:54',174,NULL),
																								(4501,'410462656','2017-09-05','16:53:55',17,NULL),
																								(4501,'411528853','2017-07-16','19:52:48',26,NULL),
																								(4501,'99328156','2018-08-24','10:06:19',645,NULL),
																								(4501,'411826384','2019-01-21','11:49:05',538,NULL),
																								(4501,'92998564','2017-10-27','15:18:54',431,NULL),
																								(4501,'93050342','2019-04-18','13:28:26',465,NULL),
																								(4501,'95073923','2018-02-13','09:37:55',92,NULL),
																								(4501,'97255992','2019-01-04','23:14:42',246,NULL),
																								(4501,'94419156','2017-09-25','21:24:52',544,NULL),
																								(4502,'410450411','2018-12-29','20:05:04',423,NULL),
																								(4502,'411404492','2018-09-26','13:14:50',189,NULL),
																								(4502,'93206358','2019-03-10','08:08:56',222,NULL),
																								(4502,'410117210','2019-09-05','14:04:11',345,NULL),
																								(4502,'99506326','2019-02-25','14:45:01',64,NULL),
																								(4502,'91465713','2018-06-08','23:31:42',709,NULL),
																								(4502,'410914339','2019-06-22','04:17:55',0,NULL),
																								(4502,'90772947','2019-02-21','06:32:52',422,NULL),
																								(4502,'94670110','2019-05-30','11:47:31',83,NULL),
																								(4502,'413428019','2019-12-08','13:59:58',776,NULL),
																								(4502,'412694081','2018-11-15','06:57:55',208,NULL),
																								(4502,'99597475','2019-03-24','07:25:33',86,NULL),
																								(4502,'411361419','2018-12-02','01:53:52',604,NULL),
																								(4502,'92789249','2020-02-05','13:06:08',676,NULL),
																								(4502,'94878176','2020-01-30','05:20:59',579,NULL),
																								(4502,'94751348','2019-12-30','13:42:10',748,NULL),
																								(4502,'99473085','2019-12-26','09:03:36',571,NULL),
																								(4502,'90822099','2018-11-24','23:47:58',188,NULL),
																								(4502,'410165802','2019-07-28','05:16:06',137,NULL),
																								(4502,'93937863','2019-06-26','09:27:46',404,NULL),
																								(4502,'413013448','2018-07-10','16:42:02',95,NULL),
																								(4502,'413016282','2018-10-31','14:12:09',437,NULL),
																								(4502,'91933084','2019-02-28','06:16:47',106,NULL),
																								(4502,'90845317','2018-10-27','19:30:07',170,NULL),
																								(4502,'412148572','2018-07-19','19:47:51',332,NULL),
																								(4502,'93619381','2019-04-29','10:11:50',552,NULL),
																								(4502,'92450690','2019-11-03','08:48:39',749,NULL),
																								(4502,'96611968','2018-08-26','00:57:02',122,NULL),
																								(4502,'411927808','2019-11-24','11:00:23',27,NULL),
																								(4502,'90649126','2018-11-14','02:04:01',36,NULL),
																								(4502,'413744484','2019-09-15','03:16:49',228,NULL),
																								(4502,'410078349','2019-09-09','04:54:08',630,NULL),
																								(4502,'410957639','2019-02-04','20:47:22',76,NULL),
																								(4502,'98196873','2019-05-25','01:07:09',17,NULL),
																								(4502,'94500890','2019-08-12','13:13:23',12,NULL),
																								(4502,'411918620','2020-01-29','08:02:00',483,NULL),
																								(4502,'410928412','2019-10-13','19:32:17',110,NULL),
																								(4502,'413845192','2018-06-14','06:18:30',420,NULL),
																								(4502,'412771021','2020-03-13','00:25:01',470,NULL),
																								(4502,'92277315','2018-08-21','14:14:05',651,NULL),
																								(4502,'94520290','2019-12-21','17:41:47',528,NULL),
																								(4502,'413054848','2019-12-03','00:51:53',402,NULL),
																								(4502,'97491667','2019-04-28','16:00:28',647,NULL),
																								(4502,'412287306','2018-08-13','18:13:51',158,NULL),
																								(4502,'412558921','2019-09-21','03:53:32',168,NULL),
																								(4502,'97353545','2019-10-30','02:54:55',116,NULL),
																								(4502,'92112159','2019-02-20','21:37:54',484,NULL),
																								(4503,'93092693','2017-12-03','12:10:20',527,NULL),
																								(4503,'413741129','2017-04-15','19:47:49',520,NULL),
																								(4503,'411134907','2017-05-24','19:25:57',498,NULL),
																								(4503,'94719302','2018-06-11','23:10:24',670,NULL),
																								(4503,'411949477','2017-08-19','03:41:46',475,NULL),
																								(4503,'97532726','2018-05-15','09:23:48',743,NULL),
																								(4503,'96040674','2017-04-10','07:20:01',430,NULL),
																								(4503,'93263566','2017-07-15','18:11:39',729,NULL),
																								(4503,'99137299','2018-10-21','16:21:23',50,NULL),
																								(4503,'91779491','2018-02-28','20:29:33',418,NULL),
																								(4503,'411702082','2018-09-01','17:46:38',599,NULL),
																								(4503,'412203243','2018-06-05','13:14:16',637,NULL),
																								(4503,'411669050','2018-05-15','17:41:51',325,NULL),
																								(4503,'413572883','2018-11-01','13:48:06',68,NULL),
																								(4503,'94909822','2018-01-24','13:21:02',133,NULL),
																								(4503,'91608044','2017-06-16','16:14:14',208,NULL),
																								(4503,'413950673','2018-04-17','14:22:44',481,NULL),
																								(4503,'412859361','2018-08-09','01:37:39',666,NULL),
																								(4503,'96245019','2017-09-20','22:34:03',399,NULL),
																								(4503,'413230436','2017-12-08','04:46:21',539,NULL),
																								(4503,'411352942','2018-12-11','05:18:15',721,NULL),
																								(4503,'411800723','2018-08-29','05:29:00',183,NULL),
																								(4504,'413684385','2018-12-08','06:42:03',97,NULL),
																								(4504,'94511609','2020-01-14','08:23:53',647,NULL),
																								(4504,'93834886','2019-01-30','00:13:47',482,NULL),
																								(4504,'410353652','2018-09-21','02:06:36',273,NULL),
																								(4504,'413339222','2019-07-18','15:07:52',719,NULL),
																								(4504,'412310844','2018-12-18','08:19:37',748,NULL),
																								(4504,'92438782','2018-07-14','04:45:36',8,NULL),
																								(4504,'411867025','2020-02-17','01:11:38',39,NULL),
																								(4504,'96955348','2019-12-22','12:42:59',746,NULL),
																								(4504,'413939465','2019-01-10','07:05:37',549,NULL),
																								(4504,'95068349','2019-04-14','04:47:35',49,NULL),
																								(4504,'92570545','2018-10-18','08:21:17',177,NULL),
																								(4504,'98321835','2018-10-17','11:30:10',680,NULL),
																								(4504,'410039091','2018-09-26','07:55:32',52,NULL),
																								(4504,'95216110','2018-08-27','19:27:51',319,NULL),
																								(4504,'97437941','2019-10-01','14:16:11',20,NULL),
																								(4505,'413417831','2018-11-19','19:57:49',683,NULL),
																								(4505,'92881002','2018-01-10','12:39:56',419,NULL),
																								(4505,'411604055','2019-04-12','17:19:34',97,NULL),
																								(4505,'93494712','2019-01-30','12:23:48',83,NULL),
																								(4505,'410375876','2018-12-17','20:34:57',122,NULL),
																								(4505,'412997315','2017-10-10','15:40:30',186,NULL),
																								(4505,'98203796','2018-06-26','07:57:46',93,NULL),
																								(4505,'97171243','2019-03-24','11:31:42',467,NULL),
																								(4505,'93388887','2018-07-15','05:59:13',458,NULL),
																								(4505,'410703074','2018-12-05','11:25:46',245,NULL),
																								(4505,'97530543','2018-10-10','18:23:20',358,NULL),
																								(4505,'90367860','2018-11-01','05:55:15',750,NULL),
																								(4505,'95726453','2018-03-24','01:15:40',279,NULL),
																								(4505,'93066740','2018-06-05','08:20:32',386,NULL),
																								(4505,'98583117','2017-11-06','09:40:05',41,NULL),
																								(4505,'411685995','2018-06-02','19:53:28',441,NULL),
																								(4505,'413350184','2019-01-20','22:58:44',52,NULL),
																								(4505,'410235806','2018-11-11','20:17:13',300,NULL),
																								(4505,'98842378','2017-12-07','18:10:04',163,NULL),
																								(4505,'412075896','2019-05-08','22:16:30',125,NULL),
																								(4505,'99703200','2018-12-27','02:19:55',698,NULL),
																								(4505,'413672650','2018-07-12','18:13:22',406,NULL),
																								(4505,'98650165','2018-01-13','09:41:05',475,NULL),
																								(4505,'93087522','2017-10-18','13:03:38',600,NULL),
																								(4505,'413947611','2019-01-31','02:15:21',336,NULL),
																								(4505,'94333776','2018-05-08','07:49:10',206,NULL),
																								(4505,'412426947','2019-05-12','03:34:19',321,NULL),
																								(4505,'410791465','2019-02-12','20:00:25',449,NULL),
																								(4506,'96821708','2018-07-17','21:44:16',189,NULL),
																								(4506,'410699663','2018-12-18','06:39:59',646,NULL),
																								(4506,'96972074','2018-09-01','02:59:28',88,NULL),
																								(4506,'99220443','2018-05-04','13:00:58',403,NULL),
																								(4506,'91049788','2019-04-08','19:09:37',619,NULL),
																								(4506,'92936862','2019-01-25','03:57:39',544,NULL),
																								(4506,'99594798','2019-09-09','16:22:53',16,NULL),
																								(4506,'413640803','2018-09-06','22:33:35',414,NULL),
																								(4506,'90046851','2018-12-24','19:49:31',742,NULL),
																								(4506,'95872040','2018-07-02','12:02:04',589,NULL),
																								(4506,'90456176','2019-06-14','08:28:43',77,NULL),
																								(4506,'97483892','2019-07-13','05:41:51',93,NULL),
																								(4506,'90176756','2018-11-18','00:46:35',431,NULL),
																								(4506,'412143221','2019-11-25','03:05:37',252,NULL),
																								(4506,'90770504','2019-07-13','11:19:10',6,NULL),
																								(4506,'411786322','2019-12-02','17:37:04',299,NULL),
																								(4506,'412572345','2018-11-25','00:57:02',137,NULL),
																								(4506,'410386768','2019-06-24','18:50:22',110,NULL),
																								(4506,'413618073','2018-07-05','20:24:11',511,NULL),
																								(4506,'93542372','2018-05-29','02:48:45',29,NULL),
																								(4506,'412074230','2018-06-10','09:48:49',712,NULL),																								
																								(4508,'412590357','2018-05-05','13:54:14',748,NULL),
																								(4508,'99760397','2018-01-24','07:15:01',520,NULL),
																								(4508,'99062388','2019-01-28','06:40:26',88,NULL),
																								(4509,'411923953','2017-08-08','16:41:57',182,NULL),
																								(4509,'410350337','2019-02-25','05:53:43',719,NULL),
																								(4509,'410288940','2018-03-02','07:13:44',313,NULL),
																								(4509,'410833229','2019-03-04','08:40:52',142,NULL),
																								(4509,'410437304','2017-11-28','19:51:11',726,NULL),
																								(4509,'94205896','2018-10-05','05:15:53',255,NULL),
																								(4509,'411967620','2017-06-26','18:06:09',58,NULL),
																								(4509,'411552847','2018-06-29','13:10:56',205,NULL),
																								(4509,'412483223','2019-01-16','09:02:29',532,NULL),
																								(4509,'410255510','2017-12-26','00:37:37',339,NULL),
																								(4509,'95500392','2017-10-29','02:00:09',345,NULL),
																								(4509,'413292401','2017-08-17','16:08:02',75,NULL),
																								(4509,'412156319','2018-03-20','09:02:39',154,NULL),
																								(4509,'92874957','2018-08-12','22:52:14',702,NULL),
																								(4509,'413878606','2019-03-30','08:22:35',60,NULL),
																								(4509,'412516107','2017-12-22','03:45:51',447,NULL),
																								(4509,'412681006','2018-12-29','14:00:22',476,NULL),
																								(4509,'410088167','2017-09-27','21:43:20',32,NULL),
																								(4509,'93610816','2018-05-24','16:50:55',495,NULL),
																								(4509,'412941522','2018-07-03','21:12:08',233,NULL),
																								(4509,'413651214','2018-04-13','00:33:49',676,NULL),
																								(4509,'97766671','2019-04-01','03:22:01',179,NULL),
																								(4509,'90047366','2018-07-06','01:21:02',565,NULL),
																								(4509,'98473142','2018-05-09','13:05:47',18,NULL),
																								(4509,'412885022','2019-04-11','18:58:20',8,NULL),
																								(4509,'410585799','2018-05-30','06:04:38',681,NULL),
																								(4509,'94415251','2018-01-08','00:14:27',664,NULL),
																								(4509,'96591383','2018-01-17','06:14:55',120,NULL),
																								(4509,'99481590','2017-07-21','02:13:40',719,NULL),
																								(4509,'410432685','2017-11-23','09:50:08',724,NULL),
																								(4509,'91958645','2017-10-11','00:26:06',434,NULL),
																								(4509,'413753259','2017-07-16','10:13:47',320,NULL),
																								(4509,'412365123','2018-07-21','13:11:38',378,NULL),
																								(4509,'97703988','2018-10-08','19:57:40',421,NULL),
																								(4509,'92558329','2017-11-09','19:31:36',543,NULL),
																								(4509,'412854991','2018-05-04','20:00:46',11,NULL),
																								(4509,'93484408','2019-02-20','17:43:39',639,NULL),
																								(4509,'413977052','2019-03-13','12:44:02',513,NULL),
																								(4510,'413497275','2018-04-05','09:01:59',599,NULL),
																								(4510,'413538697','2018-08-05','07:05:44',121,NULL),
																								(4510,'97963966','2019-11-18','00:54:40',328,NULL),
																								(4510,'412746479','2019-06-14','17:29:38',173,NULL),
																								(4510,'410314340','2019-09-12','07:55:54',26,NULL),
																								(4510,'93079058','2018-11-06','07:44:35',288,NULL),
																								(4510,'96905802','2019-03-15','10:54:42',520,NULL),
																								(4510,'413634662','2018-12-19','05:18:15',612,NULL),
																								(4510,'411349273','2019-02-10','20:01:27',451,NULL),
																								(4510,'410919758','2019-08-21','01:25:10',389,NULL),
																								(4510,'95817615','2019-12-24','05:21:59',399,NULL),
																								(4510,'97013395','2019-09-21','11:57:06',486,NULL),
																								(4510,'410173420','2019-12-31','09:07:12',434,NULL),
																								(4510,'90842226','2018-09-18','14:10:46',653,NULL),
																								(4510,'413369204','2019-05-22','21:33:11',779,NULL),
																								(4510,'412393103','2018-10-01','22:49:04',388,NULL),
																								(4510,'412293285','2019-07-19','01:07:05',741,NULL),
																								(4510,'93730216','2018-07-24','22:30:29',108,NULL),
																								(4510,'95020992','2018-04-09','16:53:41',120,NULL),
																								(4510,'95120539','2018-08-21','08:01:23',522,NULL),
																								(4510,'92723190','2019-02-23','17:37:30',264,NULL),
																								(4510,'413363543','2019-02-06','05:26:40',771,NULL),
																								(4510,'92748600','2019-02-28','09:35:24',110,NULL),
																								(4510,'91886140','2019-07-30','01:33:23',244,NULL),
																								(4510,'413349521','2019-01-11','15:35:04',56,NULL),
																								(4510,'95083176','2019-11-30','02:42:31',8,NULL),
																								(4510,'412777880','2019-05-01','09:14:04',259,NULL),
																								(4510,'97982657','2019-01-30','18:23:56',522,NULL),
																								(4510,'95437569','2018-10-26','00:54:08',677,NULL),
																								(4510,'96537661','2019-05-04','10:49:25',396,NULL),
																								(4510,'413115468','2018-11-05','01:26:50',219,NULL),
																								(4510,'97596281','2019-06-18','01:38:54',318,NULL),
																								(4510,'93342044','2018-07-06','04:04:07',544,NULL),
																								(4510,'412019135','2019-05-31','05:14:39',553,NULL),
																								(4510,'98027051','2019-12-06','10:29:52',621,NULL),
																								(4510,'411348445','2019-05-31','15:38:44',405,NULL),
																								(4510,'93278953','2019-12-09','13:47:06',366,NULL),
																								(4510,'411388206','2018-07-31','16:28:41',195,NULL),
																								(4510,'413992223','2019-08-05','23:55:36',606,NULL),
																								(4510,'90978822','2018-09-20','13:05:52',198,NULL),
																								(4510,'410969957','2019-07-23','12:35:20',481,NULL),
																								(4510,'412880534','2019-05-23','20:12:43',234,NULL),
																								(4510,'411210059','2019-01-06','19:10:25',106,NULL),
																								(4510,'96956598','2019-11-06','16:12:15',217,NULL),
																								(4510,'410258709','2019-12-06','18:28:44',456,NULL),
																								(4510,'96158636','2018-06-26','01:26:26',401,NULL),
																								(4510,'91758756','2018-11-05','20:12:10',407,NULL),
																								(4510,'94738036','2019-01-18','15:47:01',273,NULL),
																								(4510,'413933265','2019-10-11','12:32:23',94,NULL),
																								(4510,'94430024','2018-10-23','00:35:07',695,NULL),
																								(4510,'95379213','2018-08-20','16:07:30',3,NULL),
																								(4510,'98643645','2019-09-21','20:23:34',579,NULL),
																								(4510,'410275860','2019-02-02','16:34:03',457,NULL),
																								(4510,'91430286','2018-09-15','21:37:21',358,NULL),
																								(4510,'94615826','2018-06-27','05:49:36',49,NULL),
																								(4510,'411656695','2019-01-01','15:27:33',385,NULL),
																								(4510,'93607303','2019-03-10','08:41:30',723,NULL),
																								(4510,'98345018','2019-08-07','18:12:39',670,NULL),
																								(4510,'98089259','2019-05-21','00:35:28',17,NULL),
																								(4510,'412837105','2018-05-23','00:24:04',440,NULL),
																								(4510,'96253323','2019-08-31','13:00:22',511,NULL),
																								(4511,'94931967','2018-06-09','15:12:18',304,NULL),
																								(4511,'99523011','2018-05-15','23:59:22',527,NULL),
																								(4511,'412460321','2018-07-14','15:32:13',60,NULL),
																								(4511,'93800606','2016-11-14','05:24:14',43,NULL),
																								(4511,'411214911','2018-06-12','01:23:19',2,NULL),
																								(4511,'95060787','2017-12-14','04:33:34',565,NULL),
																								(4511,'99278448','2017-10-13','22:38:51',113,NULL),
																								(4511,'410395787','2017-12-21','10:16:00',28,NULL),
																								(4511,'97672197','2017-04-03','16:14:42',8,NULL),
																								(4511,'411906758','2016-10-02','07:33:36',86,NULL),
																								(4511,'412824238','2017-05-18','17:13:32',752,NULL),
																								(4511,'95037642','2018-05-25','01:01:37',116,NULL),
																								(4511,'410388123','2017-01-18','11:24:01',8,NULL),
																								(4511,'411089546','2016-10-31','22:06:32',496,NULL),
																								(4511,'93818953','2017-11-01','19:51:29',341,NULL),
																								(4511,'413690381','2017-04-25','23:37:31',61,NULL),
																								(4511,'93512016','2018-06-19','03:33:41',0,NULL),
																								(4511,'96268415','2017-12-08','02:45:16',92,NULL),
																								(4511,'91227866','2017-03-11','22:17:00',609,NULL),
																								(4511,'413403874','2017-11-19','03:44:49',111,NULL),
																								(4511,'411032593','2018-05-20','08:08:59',446,NULL),
																								(4511,'411988694','2017-06-18','17:35:51',238,NULL),
																								(4511,'92898461','2018-02-22','08:00:40',62,NULL),
																								(4511,'90126414','2017-06-05','17:56:34',537,NULL),
																								(4511,'411218988','2017-04-23','02:55:15',772,NULL),
																								(4511,'94515981','2018-03-04','18:25:13',65,NULL),
																								(4511,'91665575','2017-06-09','02:56:58',62,NULL),
																								(4511,'412293395','2018-02-08','18:45:21',376,NULL),
																								(4511,'98694967','2018-02-05','17:35:36',41,NULL),
																								(4511,'413768472','2018-02-25','00:48:34',390,NULL),
																								(4511,'412781710','2017-07-24','12:01:51',762,NULL),
																								(4511,'412556713','2018-01-08','21:50:51',496,NULL),
																								(4511,'90452641','2017-10-29','13:28:09',461,NULL),
																								(4512,'413004654','2018-01-14','14:42:15',634,NULL),
																								(4513,'99039819','2019-01-02','04:56:40',286,NULL),
																								(4513,'91705735','2018-09-09','01:12:31',160,NULL),
																								(4513,'413665480','2019-03-14','20:15:10',445,NULL),
																								(4513,'410621814','2019-11-05','22:04:10',359,NULL),
																								(4513,'97090244','2019-06-17','02:08:46',705,NULL),
																								(4513,'91292946','2019-12-03','03:29:38',246,NULL),
																								(4513,'412932137','2020-01-28','17:03:50',722,NULL),
																								(4514,'92078437','2019-06-08','13:45:25',80,NULL),
																								(4514,'94347153','2019-05-26','14:21:51',355,NULL),
																								(4514,'99683367','2018-10-09','15:29:13',285,NULL),
																								(4514,'413026600','2019-04-08','17:32:11',645,NULL),
																								(4515,'410628443','2018-05-07','04:39:13',458,NULL),
																								(4515,'90805201','2018-06-10','17:50:05',503,NULL),
																								(4515,'410433725','2017-02-12','07:46:37',684,NULL),
																								(4516,'98996399','2017-03-16','12:21:37',684,NULL),
																								(4516,'413355596','2018-09-22','06:43:09',26,NULL),
																								(4516,'411288670','2017-05-03','03:58:03',636,NULL),
																								(4516,'412857330','2018-09-23','03:27:33',12,NULL),
																								(4516,'94071469','2018-08-13','01:10:19',344,NULL),
																								(4516,'411323674','2017-10-11','21:00:24',585,NULL),
																								(4516,'96103210','2018-03-02','18:33:21',309,NULL),
																								(4516,'410466087','2017-12-12','08:09:49',773,NULL),
																								(4516,'411301198','2017-05-27','19:30:15',89,NULL),
																								(4516,'96632804','2017-11-16','14:42:49',638,NULL),
																								(4516,'411747009','2018-07-13','01:18:23',22,NULL),
																								(4516,'92827149','2017-04-12','16:59:16',631,NULL),
																								(4516,'411720132','2017-12-26','10:59:44',473,NULL),
																								(4516,'413977068','2018-07-31','21:01:35',103,NULL),
																								(4516,'91295818','2018-04-05','13:08:52',112,NULL),
																								(4516,'410932314','2016-12-30','01:34:55',699,NULL),
																								(4516,'410829076','2018-04-29','16:54:00',499,NULL),
																								(4516,'411530537','2018-02-11','09:13:03',264,NULL),
																								(4516,'92242438','2017-10-26','11:26:26',437,NULL),
																								(4516,'410886220','2016-12-11','15:44:45',164,NULL),
																								(4516,'413167587','2017-11-13','09:12:51',546,NULL),
																								(4516,'96804526','2018-06-22','10:16:07',588,NULL),
																								(4516,'413814659','2018-04-18','22:05:58',706,NULL),
																								(4516,'411544731','2018-03-19','00:03:05',162,NULL),
																								(4516,'93631786','2018-08-23','17:48:07',95,NULL),
																								(4516,'410804956','2018-03-19','08:29:56',642,NULL),
																								(4516,'411225769','2018-03-03','05:43:07',99,NULL),
																								(4516,'413427439','2017-12-26','00:28:15',663,NULL),
																								(4516,'95248865','2017-09-26','23:31:08',17,NULL),
																								(4516,'413802232','2018-06-18','07:11:22',70,NULL),
																								(4516,'91099717','2017-11-03','17:41:48',156,NULL),
																								(4516,'95599757','2017-08-07','08:59:52',293,NULL),
																								(4516,'411200303','2018-05-29','01:20:17',750,NULL),
																								(4516,'97866175','2018-06-14','04:12:17',317,NULL),
																								(4516,'411787004','2017-05-02','14:21:44',101,NULL),
																								(4516,'99416608','2018-04-18','02:16:35',26,NULL),
																								(4516,'413085708','2017-12-31','17:28:32',718,NULL),
																								(4516,'91452450','2016-12-17','21:37:17',119,NULL),
																								(4516,'413752625','2018-01-30','01:05:55',143,NULL),																								
																								(4517,'412468229','2018-09-21','03:41:19',757,NULL),
																								(4517,'410090729','2018-12-11','09:28:55',98,NULL),
																								(4517,'93798183','2019-12-31','20:22:39',33,NULL),
																								(4517,'90522331','2020-01-14','14:29:11',57,NULL),
																								(4517,'411849435','2019-12-15','01:12:02',33,NULL),
																								(4517,'411652802','2018-08-23','21:36:59',641,NULL),
																								(4517,'95655349','2018-11-25','11:55:05',45,NULL),
																								(4517,'412230819','2020-03-04','10:32:41',775,NULL),
																								(4517,'97313103','2019-09-06','05:16:09',254,NULL),
																								(4517,'411061715','2019-10-27','16:50:41',47,NULL),
																								(4517,'411943766','2019-05-18','06:29:33',310,NULL),
																								(4517,'95592701','2019-02-21','03:35:09',79,NULL),
																								(4517,'95360524','2019-04-05','23:18:57',70,NULL),
																								(4517,'96727378','2019-07-09','11:16:43',58,NULL),
																								(4517,'413020171','2019-08-11','03:39:38',458,NULL),
																								(4517,'90925596','2019-11-21','18:24:21',584,NULL),
																								(4517,'411464812','2019-01-30','02:19:07',148,NULL),
																								(4517,'90866246','2018-12-27','06:48:15',85,NULL),
																								(4517,'91144640','2018-10-11','03:50:53',662,NULL),
																								(4517,'93038131','2019-06-06','12:08:10',138,NULL),
																								(4517,'413166387','2018-12-22','06:56:03',503,NULL),
																								(4517,'413410167','2018-07-10','17:42:20',365,NULL),
																								(4517,'94454717','2018-08-10','21:28:23',17,NULL),
																								(4517,'411172359','2020-04-17','11:52:05',755,NULL),
																								(4517,'413972323','2019-02-07','19:37:23',251,NULL),
																								(4517,'410665299','2020-01-25','07:17:19',443,NULL),
																								(4517,'91533057','2019-12-16','08:04:19',766,NULL),
																								(4517,'413310330','2018-10-18','18:16:52',323,NULL),
																								(4517,'99482507','2019-06-21','10:46:39',661,NULL),
																								(4517,'98009201','2019-05-04','22:30:34',26,NULL),
																								(4517,'92226723','2019-10-27','21:25:22',752,NULL),
																								(4518,'95175784','2018-04-29','12:06:30',521,NULL),
																								(4518,'94757617','2018-02-11','14:57:22',770,NULL),
																								(4518,'90889589','2018-10-12','20:36:40',431,NULL),
																								(4518,'98864546','2018-05-31','11:58:51',56,NULL),
																								(4518,'99968854','2018-07-26','06:18:08',514,NULL),
																								(4518,'412699540','2018-10-23','03:16:42',277,NULL),
																								(4518,'410339551','2017-11-26','01:00:00',173,NULL),
																								(4518,'413455527','2017-09-19','11:48:45',91,NULL),
																								(4518,'90188199','2017-03-04','14:53:48',81,NULL),
																								(4518,'99836921','2018-08-31','21:25:11',543,NULL),
																								(4518,'410234179','2018-06-27','15:32:52',163,NULL),
																								(4518,'412505707','2018-02-14','15:44:57',347,NULL),
																								(4518,'412335194','2017-07-12','02:34:37',209,NULL),
																								(4518,'412343759','2017-07-09','15:48:05',762,NULL),
																								(4518,'411220000','2018-03-01','03:21:20',78,NULL),
																								(4518,'411597729','2018-01-02','10:18:03',318,NULL),
																								(4518,'411239769','2017-03-09','12:53:37',244,NULL),
																								(4518,'95726417','2018-11-04','15:10:41',40,NULL),
																								(4518,'90804646','2018-02-05','03:12:18',60,NULL),
																								(4518,'97169583','2018-11-21','00:22:35',194,NULL),
																								(4518,'412687914','2018-07-15','13:23:24',361,NULL),
																								(4518,'98207746','2017-07-07','04:16:07',700,NULL),
																								(4518,'411787601','2018-06-05','01:41:04',139,NULL),
																								(4519,'92647790','2018-08-11','10:47:08',508,NULL),
																								(4519,'411914515','2018-05-04','06:19:52',717,NULL),
																								(4519,'98829240','2017-05-25','03:26:17',702,NULL),
																								(4519,'96622893','2018-11-19','19:52:14',35,NULL),
																								(4519,'411708433','2017-08-26','22:31:55',274,NULL),
																								(4519,'411252754','2017-11-03','04:19:25',648,NULL),
																								(4519,'412717401','2018-02-28','01:42:29',451,NULL),
																								(4519,'96770858','2018-12-17','04:45:41',158,NULL),
																								(4519,'411615796','2017-07-25','10:42:02',572,NULL),
																								(4519,'410868056','2018-08-30','23:44:37',560,NULL),
																								(4519,'411756087','2017-08-31','11:40:45',210,NULL),
																								(4519,'98970419','2018-12-09','02:58:22',42,NULL),
																								(4519,'411867923','2018-10-14','07:32:09',93,NULL),
																								(4519,'410848024','2018-09-05','12:48:15',769,NULL),
																								(4519,'97261041','2018-03-30','05:25:06',775,NULL),
																								(4519,'412670902','2018-11-07','21:50:23',375,NULL),
																								(4519,'96803613','2018-01-27','16:42:31',46,NULL),
																								(4519,'99830041','2019-03-11','16:52:08',682,NULL),
																								(4519,'90273893','2017-07-21','08:44:08',192,NULL),
																								(4519,'94662521','2019-01-31','01:24:25',305,NULL),
																								(4519,'99062493','2017-07-29','17:26:49',431,NULL),
																								(4519,'97625681','2017-07-13','07:04:15',35,NULL),
																								(4519,'412837052','2018-10-25','12:18:25',496,NULL),
																								(4519,'411329562','2018-08-19','18:03:20',586,NULL),
																								(4519,'95143741','2017-12-24','22:39:26',138,NULL),
																								(4519,'413292053','2018-04-05','02:56:45',70,NULL),
																								(4520,'96658752','2018-01-28','02:49:01',255,NULL),
																								(4520,'94922140','2019-03-22','08:40:54',534,NULL),
																								(4520,'410306960','2018-11-30','16:10:22',1,NULL),
																								(4520,'94513021','2018-07-18','22:27:11',504,NULL),
																								(4520,'93565430','2019-05-09','23:58:47',271,NULL),
																								(4520,'98911040','2018-12-28','08:14:35',75,NULL),
																								(4520,'411506539','2019-03-16','10:42:31',728,NULL),
																								(4520,'410887799','2018-03-05','02:47:07',526,NULL),
																								(4520,'410075494','2019-04-17','11:54:12',240,NULL),
																								(4520,'99734247','2018-07-14','19:10:24',19,NULL),
																								(4520,'413782165','2017-12-17','13:54:10',247,NULL),
																								(4520,'413430379','2018-12-22','01:28:15',616,NULL),
																								(4520,'411694473','2018-06-01','14:54:16',575,NULL),
																								(4520,'412151039','2018-11-13','10:02:51',167,NULL),
																								(4520,'97406746','2019-07-31','15:37:42',45,NULL),
																								(4520,'97252533','2019-07-14','06:52:36',239,NULL),
																								(4520,'413460437','2018-02-03','01:49:10',58,NULL),
																								(4520,'413405857','2017-12-20','08:03:25',85,NULL),
																								(4520,'95938978','2018-09-23','10:50:43',541,NULL),
																								(4520,'96377498','2018-11-11','08:48:00',703,NULL),
																								(4520,'410935533','2018-02-13','20:38:12',389,NULL),
																								(4520,'410049490','2018-09-17','04:08:12',633,NULL),
																								(4520,'413205324','2018-02-22','05:13:25',338,NULL),
																								(4520,'412102434','2018-03-01','02:35:34',531,NULL),
																								(4520,'97285244','2018-05-30','03:06:54',150,NULL),
																								(4520,'94391712','2019-01-16','08:05:15',741,NULL),
																								(4520,'411078609','2019-08-25','02:46:12',201,NULL),
																								(4520,'98305923','2019-06-18','23:17:17',62,NULL),
																								(4520,'412940900','2019-04-17','07:24:49',696,NULL),
																								(4520,'90729903','2019-01-09','13:42:08',67,NULL),
																								(4520,'410089155','2019-03-16','23:27:02',62,NULL),
																								(4520,'98443410','2019-03-14','17:43:17',27,NULL),
																								(4520,'95681321','2018-08-25','10:42:55',577,NULL),
																								(4520,'94951624','2019-03-10','17:53:35',62,NULL),
																								(4520,'92671483','2018-11-05','06:49:12',752,NULL),
																								(4520,'96078959','2018-08-28','10:39:30',28,NULL),
																								(4520,'413159313','2018-08-02','19:50:58',73,NULL),
																								(4520,'410596178','2019-05-30','21:48:41',46,NULL),
																								(4520,'410746055','2019-01-06','09:38:32',553,NULL),
																								(4520,'410302778','2018-06-25','12:55:13',751,NULL),
																								(4520,'90649667','2018-01-08','19:55:16',570,NULL),
																								(4520,'410976713','2018-02-26','13:58:37',338,NULL),
																								(4520,'413439525','2018-09-02','01:30:59',80,NULL),
																								(4520,'90431077','2019-02-11','07:30:26',75,NULL),
																								(4520,'94470561','2018-06-20','00:55:56',543,NULL),
																								(4520,'413154517','2019-07-10','07:24:12',11,NULL),
																								(4520,'93304265','2019-06-08','02:30:17',183,NULL),
																								(4521,'411032350','2018-03-11','18:26:13',368,NULL),
																								(4521,'92199727','2018-12-07','21:49:14',560,NULL),
																								(4521,'411021585','2018-06-10','09:03:10',593,NULL),
																								(4521,'91894338','2019-01-30','18:46:47',43,NULL),
																								(4521,'92384272','2018-03-31','09:15:04',185,NULL),
																								(4521,'91882136','2019-10-28','12:47:39',604,NULL),
																								(4521,'411699711','2018-09-21','04:25:55',199,NULL),
																								(4521,'413822170','2019-08-04','06:14:05',304,NULL),
																								(4521,'411396969','2018-02-24','23:19:08',10,NULL),
																								(4521,'99713515','2018-10-23','11:05:57',57,NULL),
																								(4521,'413535558','2018-04-03','19:46:48',19,NULL),
																								(4521,'90191230','2018-07-02','10:05:47',475,NULL),
																								(4521,'93190613','2018-12-16','14:13:59',71,NULL),
																								(4521,'94650396','2019-07-26','15:41:48',369,NULL),
																								(4521,'92955048','2018-05-30','04:54:15',667,NULL),
																								(4521,'413419937','2019-04-12','10:24:01',59,NULL),
																								(4521,'411543993','2019-02-23','05:10:18',252,NULL),
																								(4521,'94859392','2018-05-12','13:28:41',503,NULL),
																								(4521,'97912896','2019-10-19','17:15:34',220,NULL),
																								(4521,'91323065','2019-09-18','21:25:29',341,NULL),
																								(4521,'412101664','2019-09-14','22:31:24',767,NULL),
																								(4521,'99371782','2018-07-14','07:23:19',406,NULL),
																								(4521,'90890679','2018-06-21','02:34:33',776,NULL),
																								(4521,'95011824','2018-06-23','02:48:50',237,NULL),
																								(4521,'412879175','2018-10-04','11:30:49',217,NULL),
																								(4521,'410292472','2018-03-21','02:33:17',209,NULL),
																								(4522,'412560385','2018-04-02','07:58:18',309,NULL),
																								(4522,'410315282','2017-03-03','15:55:14',225,NULL),
																								(4522,'412285757','2018-04-18','01:41:10',737,NULL),
																								(4522,'91213262','2018-10-20','02:36:53',79,NULL),
																								(4522,'412372723','2018-01-10','13:46:16',741,NULL),
																								(4522,'412332220','2018-01-27','12:07:02',618,NULL),
																								(4522,'94030729','2018-05-26','10:39:53',189,NULL),
																								(4522,'95141696','2017-04-21','19:29:23',72,NULL),
																								(4522,'92416921','2018-08-30','06:02:59',25,NULL),
																								(4522,'91198544','2018-03-15','17:01:21',337,NULL),
																								(4522,'410754379','2018-05-19','12:44:55',312,NULL),
																								(4522,'98215876','2017-07-06','13:42:18',238,NULL),
																								(4522,'93599619','2017-07-28','16:05:21',349,NULL),
																								(4522,'410191128','2018-07-07','22:02:40',78,NULL),
																								(4522,'98196290','2017-10-13','03:58:57',323,NULL),
																								(4522,'96149010','2018-04-16','16:28:36',80,NULL),
																								(4522,'411161666','2018-06-02','22:58:37',485,NULL),
																								(4522,'91716696','2018-06-05','21:37:00',256,NULL),
																								(4522,'94852796','2017-07-21','19:31:31',247,NULL),
																								(4522,'411630857','2018-03-16','14:36:32',706,NULL),
																								(4522,'413015203','2017-11-18','23:43:39',346,NULL),
																								(4522,'92782421','2018-11-07','03:49:07',94,NULL),
																								(4522,'95921663','2018-11-09','14:46:49',230,NULL),
																								(4522,'410573654','2018-10-13','04:06:56',289,NULL),
																								(4522,'413028391','2018-05-16','13:24:42',202,NULL),
																								(4522,'95819207','2018-06-05','19:00:15',110,NULL),
																								(4522,'90925013','2018-09-29','16:31:05',74,NULL),
																								(4522,'410157296','2017-04-28','01:50:47',42,NULL),
																								(4522,'413445191','2017-07-16','19:16:54',732,NULL),
																								(4522,'91503897','2017-06-18','14:25:35',568,NULL),
																								(4522,'95008318','2017-03-01','16:00:02',101,NULL),
																								(4522,'97137548','2018-05-12','15:06:46',225,NULL),
																								(4522,'411189693','2018-04-04','20:53:27',649,NULL),
																								(4522,'412223973','2018-09-16','10:51:40',564,NULL),
																								(4522,'91628988','2017-03-03','12:06:24',126,NULL),
																								(4522,'90189189','2018-04-10','17:18:42',86,NULL),
																								(4522,'99209052','2017-03-16','20:13:32',55,NULL),
																								(4522,'411993502','2017-08-26','21:13:53',401,NULL),
																								(4522,'98099663','2018-04-17','12:27:30',106,NULL),
																								(4522,'411421882','2017-08-29','01:33:03',756,NULL),
																								(4523,'410049452','2018-02-17','03:55:33',211,NULL),
																								(4523,'91085678','2017-12-20','20:15:34',261,NULL),
																								(4523,'95239742','2018-08-28','20:12:28',632,NULL),
																								(4523,'412934903','2017-04-07','01:21:39',601,NULL),
																								(4523,'410357578','2017-08-08','12:10:54',259,NULL),
																								(4523,'96221642','2017-12-19','21:33:40',546,NULL),
																								(4523,'94167398','2017-04-08','18:51:09',469,NULL),
																								(4523,'92602331','2018-01-16','03:16:03',49,NULL),
																								(4523,'96355607','2018-03-28','17:07:55',538,NULL),
																								(4523,'413879814','2017-08-13','23:24:22',682,NULL),
																								(4523,'97691440','2017-12-14','09:31:32',258,NULL),
																								(4523,'95603283','2017-03-24','07:52:43',746,NULL),
																								(4523,'97182278','2018-06-18','08:25:06',244,NULL),
																								(4523,'90774098','2018-05-25','12:59:22',364,NULL),
																								(4523,'96839773','2018-04-18','03:12:24',64,NULL),
																								(4523,'99832693','2017-07-13','13:05:21',74,NULL),
																								(4523,'413596000','2018-05-25','02:30:54',680,NULL),
																								(4523,'413213357','2017-06-21','15:41:19',80,NULL),
																								(4523,'413525280','2018-01-02','09:46:16',95,NULL),
																								(4523,'92208198','2017-09-25','11:17:13',65,NULL),
																								(4523,'97852797','2018-07-23','12:21:29',460,NULL),
																								(4524,'412091693','2017-08-25','20:43:39',56,NULL),
																								(4524,'91111974','2018-05-18','06:27:39',275,NULL),
																								(4524,'411916687','2018-07-24','14:11:29',134,NULL),
																								(4524,'412508971','2018-12-28','22:09:42',676,NULL),
																								(4524,'95272485','2017-05-24','10:36:00',35,NULL),
																								(4524,'412853661','2018-05-31','13:43:29',210,NULL),
																								(4524,'94225429','2017-12-17','04:01:24',21,NULL),
																								(4524,'92518652','2017-08-06','02:52:48',759,NULL),
																								(4524,'410029129','2018-06-20','23:59:02',153,NULL),
																								(4524,'412584605','2018-06-18','05:36:35',20,NULL),
																								(4524,'412803844','2018-12-15','20:16:11',572,NULL),
																								(4524,'413868893','2019-01-17','08:13:54',633,NULL),
																								(4524,'93877420','2018-12-29','07:20:49',273,NULL),
																								(4524,'97050468','2018-06-27','17:27:02',776,NULL),
																								(4524,'411440486','2018-11-08','02:36:43',629,NULL),
																								(4524,'411082976','2017-05-22','15:37:37',295,NULL),
																								(4524,'92750345','2017-09-13','18:44:28',26,NULL),
																								(4524,'91673359','2017-11-04','18:30:52',64,NULL),
																								(4524,'93161077','2017-05-18','16:22:52',601,NULL),
																								(4524,'95591958','2018-10-01','06:43:09',313,NULL),
																								(4524,'99251747','2019-01-10','17:25:57',43,NULL),
																								(4524,'98744945','2018-11-19','12:07:20',218,NULL),
																								(4524,'412071310','2018-05-06','09:10:51',240,NULL),
																								(4524,'411953706','2018-10-03','22:31:40',461,NULL),
																								(4524,'412328721','2018-08-13','19:31:11',555,NULL),
																								(4524,'410918373','2018-04-17','21:46:27',698,NULL),
																								(4524,'412864410','2019-01-16','05:30:52',8,NULL),
																								(4524,'93955192','2018-08-31','08:33:56',380,NULL),
																								(4524,'91017144','2018-06-12','19:33:52',538,NULL),
																								(4524,'411704276','2018-11-19','11:16:30',736,NULL),
																								(4524,'99523266','2018-04-19','19:24:25',86,NULL),
																								(4524,'413962585','2018-04-15','01:57:43',466,NULL),
																								(4524,'412037528','2018-09-14','14:12:48',639,NULL),
																								(4524,'98689159','2018-03-13','02:51:39',520,NULL),
																								(4524,'92330107','2017-09-09','21:01:59',615,NULL),
																								(4524,'99541822','2018-06-16','12:35:17',276,NULL),
																								(4524,'411699608','2017-06-06','07:49:31',116,NULL),
																								(4524,'90457901','2017-07-27','09:19:10',44,NULL),
																								(4524,'412013903','2017-10-06','05:20:24',76,NULL),
																								(4524,'98140564','2018-07-05','06:10:59',769,NULL),
																								(4524,'413509299','2017-11-16','00:05:32',726,NULL),
																								(4524,'93289298','2018-12-05','20:07:19',103,NULL),
																								(4524,'411797334','2018-05-11','18:40:30',583,NULL),
																								(4524,'96497727','2017-10-30','13:28:41',466,NULL),
																								(4524,'410412573','2018-02-15','03:40:15',129,NULL),
																								(4524,'93423722','2018-05-17','17:32:27',80,NULL),
																								(4524,'411643003','2017-07-12','23:24:24',162,NULL),
																								(4524,'410421553','2017-11-20','05:19:10',67,NULL),
																								(4524,'413503709','2017-07-20','19:48:03',76,NULL),
																								(4524,'413992428','2018-06-20','22:46:50',390,NULL),
																								(4524,'96516823','2018-04-05','08:33:13',104,NULL),
																								(4524,'411887923','2017-06-02','13:48:01',195,NULL),
																								(4524,'413562276','2018-04-07','19:56:04',395,NULL),
																								(4524,'94677778','2019-01-26','04:05:55',358,NULL),
																								(4524,'410069330','2017-05-19','10:24:26',590,NULL),
																								(4524,'92373381','2019-01-04','19:22:37',470,NULL),
																								(4524,'412247974','2017-12-03','05:21:29',1,NULL),
																								(4524,'413312213','2017-10-17','06:56:02',312,NULL),
																								(4524,'90281623','2018-08-17','19:09:26',132,NULL),
																								(4524,'412597241','2017-11-24','11:59:53',632,NULL),
																								(4524,'93585688','2017-07-18','00:49:18',465,NULL),
																								(4524,'99864430','2018-02-22','02:01:44',13,NULL),
																								(4524,'94172889','2018-11-04','11:31:02',109,NULL),
																								(4524,'410846134','2018-07-29','10:13:55',296,NULL),
																								(4524,'412467771','2018-11-15','06:09:30',426,NULL),
																								(4524,'410696744','2018-02-18','03:33:18',61,NULL),
																								(4524,'411126205','2018-04-26','13:20:57',117,NULL),
																								(4524,'90761620','2019-01-17','14:23:14',74,NULL),
																								(4524,'91370763','2018-07-14','01:54:56',74,NULL),
																								(4524,'410608567','2017-07-09','01:14:27',257,NULL),
																								(4525,'410187438','2018-02-01','11:59:57',523,NULL),
																								(4525,'410000170','2018-04-28','03:22:25',230,NULL),
																								(4525,'413688199','2018-10-23','15:31:54',68,NULL),
																								(4525,'412334205','2018-03-17','22:45:15',15,NULL),
																								(4525,'410693065','2018-09-08','13:01:13',411,NULL),
																								(4525,'90677218','2017-02-12','05:06:55',725,NULL),
																								(4525,'93139516','2017-03-20','07:25:31',492,NULL),
																								(4525,'95032583','2017-10-19','18:08:26',434,NULL),
																								(4525,'412960212','2018-01-06','01:32:28',517,NULL),
																								(4525,'90346032','2018-10-22','05:40:13',308,NULL),
																								(4525,'413433587','2018-02-11','11:56:58',30,NULL),
																								(4525,'91915088','2017-05-18','01:29:28',248,NULL),
																								(4525,'97895411','2018-08-22','09:56:45',8,NULL),
																								(4525,'91886154','2017-05-05','01:57:23',776,NULL),
																								(4525,'94546451','2018-10-29','04:41:10',271,NULL),
																								(4525,'95098506','2017-06-02','21:43:06',542,NULL),
																								(4525,'98523297','2017-09-06','09:47:51',76,NULL),
																								(4525,'410025726','2017-09-06','22:47:14',685,NULL),
																								(4525,'94830995','2017-01-23','00:42:38',579,NULL),
																								(4525,'91310487','2018-07-28','13:11:45',500,NULL),
																								(4525,'97871366','2018-08-16','23:57:46',104,NULL),
																								(4525,'95627761','2018-05-10','17:30:04',562,NULL),
																								(4525,'413629902','2018-06-06','01:42:53',44,NULL),
																								(4525,'96502445','2017-03-13','11:23:00',34,NULL),
																								(4525,'412040740','2018-01-31','04:44:24',501,NULL),
																								(4525,'412167857','2018-02-20','14:35:08',250,NULL),
																								(4525,'94778867','2017-01-12','21:07:55',694,NULL),
																								(4525,'98160311','2017-10-02','14:27:02',59,NULL),
																								(4525,'413764753','2018-07-10','05:58:51',431,NULL),
																								(4525,'98548158','2017-09-26','22:18:00',73,NULL),
																								(4525,'413487776','2018-06-12','19:15:51',667,NULL),
																								(4525,'411223957','2018-04-19','18:54:19',480,NULL),
																								(4525,'95858771','2017-10-01','01:13:00',195,NULL),
																								(4525,'93592807','2018-04-10','07:18:13',433,NULL),
																								(4525,'90746229','2017-08-10','12:24:17',276,NULL),
																								(4525,'413986032','2018-04-28','13:12:48',178,NULL),
																								(4525,'411126165','2017-02-05','19:47:02',637,NULL),
																								(4525,'92526286','2018-06-05','23:16:45',721,NULL),
																								(4525,'410936623','2017-03-22','19:57:52',194,NULL),
																								(4525,'93268012','2017-12-04','01:25:42',258,NULL),
																								(4525,'412356802','2017-04-14','00:56:57',109,NULL),
																								(4525,'90383922','2017-06-18','09:33:23',263,NULL),
																								(4525,'97385443','2017-06-30','17:35:43',763,NULL),
																								(4525,'412131898','2017-06-10','08:48:53',296,NULL),
																								(4525,'413717234','2018-05-22','14:02:02',450,NULL),
																								(4525,'410096488','2018-09-27','03:44:21',387,NULL),
																								(4525,'94200515','2017-03-27','16:19:06',633,NULL),
																								(4525,'412691280','2017-07-12','21:28:21',401,NULL),
																								(4526,'412532977','2017-04-30','20:31:52',264,NULL),
																								(4526,'413857651','2018-01-04','20:42:07',229,NULL),
																								(4526,'410534881','2019-01-01','17:30:32',112,NULL),
																								(4526,'93895964','2017-10-20','11:18:51',265,NULL),
																								(4526,'95484425','2017-11-22','11:11:37',202,NULL),
																								(4526,'411521209','2018-04-11','02:51:15',262,NULL),
																								(4526,'413000979','2018-06-30','00:28:13',21,NULL),
																								(4526,'412854326','2018-10-30','23:07:08',345,NULL),
																								(4526,'93486014','2018-12-20','03:11:52',523,NULL),
																								(4526,'413450609','2017-11-30','11:46:30',578,NULL),
																								(4526,'92722497','2018-11-17','01:35:11',492,NULL),
																								(4526,'98842045','2018-12-11','03:15:20',277,NULL),
																								(4526,'99158309','2017-10-19','16:40:25',518,NULL),
																								(4526,'413429432','2017-11-24','19:07:14',433,NULL),
																								(4526,'91872909','2018-11-11','02:08:22',69,NULL),
																								(4526,'91724026','2017-05-18','17:08:32',584,NULL),
																								(4526,'97173738','2018-12-17','21:42:52',667,NULL),
																								(4526,'410622034','2017-09-14','10:21:11',545,NULL),
																								(4527,'412990598','2019-10-02','14:21:08',562,NULL),
																								(4527,'412008763','2019-04-25','12:21:00',574,NULL),
																								(4527,'412859089','2019-03-15','22:28:25',612,NULL),
																								(4527,'96733526','2018-07-06','11:44:16',16,NULL),
																								(4527,'97613425','2018-07-05','17:18:15',522,NULL),
																								(4527,'91217498','2019-11-22','11:22:34',9,NULL),
																								(4527,'412010298','2019-08-30','10:54:25',472,NULL),
																								(4527,'94801801','2019-07-27','16:26:47',128,NULL),
																								(4527,'98750302','2019-06-21','17:33:49',654,NULL),
																								(4527,'410454048','2019-05-14','16:14:32',328,NULL),
																								(4527,'93246094','2019-06-22','05:06:44',355,NULL),
																								(4527,'411445383','2019-12-09','04:49:39',17,NULL),
																								(4528,'411336481','2017-02-07','03:02:57',258,NULL),
																								(4528,'411264636','2017-09-09','15:17:14',610,NULL),
																								(4528,'95781253','2018-10-10','16:24:59',252,NULL),
																								(4528,'411339457','2017-04-06','15:45:13',683,NULL),
																								(4528,'412744455','2017-05-10','10:54:15',662,NULL),
																								(4528,'411676848','2018-04-23','08:58:01',719,NULL),
																								(4528,'411222486','2018-09-13','20:49:37',237,NULL),																						
																								(4530,'91794870','2018-05-23','21:33:58',64,NULL),
																								(4530,'413837274','2018-07-06','22:16:28',271,NULL),
																								(4530,'99779021','2018-09-14','13:22:09',124,NULL),
																								(4530,'98767245','2018-01-08','08:36:11',8,NULL),
																								(4531,'413573912','2018-12-08','14:15:44',293,NULL),
																								(4531,'410898208','2017-06-03','16:43:55',105,NULL),
																								(4531,'90240447','2018-12-04','14:32:03',632,NULL),
																								(4531,'410103903','2017-08-31','08:48:58',9,NULL),
																								(4532,'97292099','2017-10-26','20:00:09',23,NULL),
																								(4532,'410733224','2019-02-22','13:12:41',113,NULL),
																								(4532,'91067443','2018-01-03','21:48:49',19,NULL),
																								(4532,'90780710','2017-09-07','19:37:24',668,NULL),
																								(4532,'95901672','2017-11-02','04:39:39',711,NULL),
																								(4532,'99569578','2018-09-30','11:47:36',458,NULL),
																								(4532,'97792261','2019-01-06','07:11:27',670,NULL),
																								(4532,'91166557','2017-09-04','04:49:54',342,NULL),
																								(4532,'411371930','2018-01-09','06:19:20',97,NULL),
																								(4532,'411653324','2019-01-01','14:12:38',670,NULL),
																								(4532,'412772449','2018-09-19','13:48:05',143,NULL),
																								(4532,'90598945','2017-06-04','10:31:22',565,NULL),
																								(4532,'410571916','2017-07-17','17:57:46',196,NULL),
																								(4532,'98518850','2018-09-06','12:19:38',589,NULL),
																								(4532,'410545276','2018-06-29','15:58:29',446,NULL),
																								(4532,'99839663','2017-09-18','07:20:25',234,NULL),
																								(4532,'95657098','2018-09-28','03:47:43',107,NULL),
																								(4532,'412988911','2017-12-09','22:13:15',767,NULL),
																								(4532,'98151593','2017-07-03','13:05:41',41,NULL),
																								(4532,'411275105','2019-02-08','19:11:59',90,NULL),
																								(4532,'92034241','2017-05-06','02:24:12',46,NULL),
																								(4532,'412412583','2018-05-19','23:48:13',152,NULL),
																								(4532,'413407560','2018-07-23','15:43:25',732,NULL),
																								(4532,'413132964','2018-08-04','05:55:02',510,NULL),
																								(4532,'91146669','2018-08-02','19:51:41',211,NULL),
																								(4532,'412547028','2018-02-26','02:26:57',292,NULL),
																								(4532,'412880670','2018-02-01','13:43:43',712,NULL),
																								(4532,'411019943','2017-08-27','15:49:50',425,NULL),
																								(4533,'411709580','2018-10-02','00:14:14',631,NULL),
																								(4533,'412003515','2018-06-01','13:14:11',170,NULL),
																								(4533,'95624815','2018-08-05','06:11:20',476,NULL),
																								(4533,'413771733','2018-04-09','00:45:38',30,NULL),
																								(4533,'95300938','2018-04-22','08:40:16',104,NULL),
																								(4533,'98322460','2018-02-23','13:27:38',90,NULL),
																								(4533,'93208136','2019-09-16','13:36:18',241,NULL),
																								(4533,'96365793','2017-12-20','21:18:35',535,NULL),
																								(4533,'91087154','2018-05-10','04:44:27',84,NULL),
																								(4533,'99609234','2018-11-04','12:25:56',99,NULL),
																								(4533,'410490685','2018-03-10','05:34:04',532,NULL),
																								(4533,'92636452','2018-02-10','14:38:52',515,NULL),
																								(4533,'411152081','2019-08-18','19:04:03',535,NULL),
																								(4533,'94040440','2018-12-15','10:14:53',489,NULL),
																								(4533,'99047941','2018-05-07','09:33:56',668,NULL),
																								(4533,'98538520','2018-09-09','13:13:42',215,NULL),
																								(4533,'97344094','2019-08-06','00:55:06',449,NULL),
																								(4533,'92903975','2018-10-05','08:14:56',61,NULL),
																								(4533,'95547049','2019-01-22','11:18:04',5,NULL),
																								(4533,'413858629','2019-09-26','08:33:33',138,NULL),
																								(4533,'412246877','2019-07-30','06:50:08',38,NULL),
																								(4533,'413976627','2019-08-23','16:08:33',452,NULL),
																								(4533,'94119560','2019-04-14','14:18:44',123,NULL),
																								(4533,'91862073','2018-02-16','09:19:44',183,NULL),
																								(4533,'410821853','2019-08-11','11:15:29',259,NULL),
																								(4533,'98450937','2018-05-21','17:07:42',636,NULL),
																								(4533,'410998826','2018-08-18','09:35:49',21,NULL),
																								(4533,'93950502','2019-05-10','09:31:49',30,NULL),
																								(4533,'410230779','2019-03-20','11:09:03',671,NULL),
																								(4533,'412839988','2018-04-13','11:01:24',189,NULL),
																								(4533,'413336700','2018-04-25','23:14:23',555,NULL),
																								(4533,'99290003','2018-11-17','10:35:06',285,NULL),
																								(4533,'97741962','2018-08-16','16:37:26',371,NULL),
																								(4533,'410160246','2018-11-14','15:23:12',112,NULL),
																								(4533,'410529678','2019-01-06','02:02:13',88,NULL),
																								(4533,'95224539','2018-06-10','01:28:15',256,NULL),
																								(4533,'412368756','2018-08-15','23:33:51',63,NULL),
																								(4533,'410278483','2018-11-14','00:38:40',441,NULL),
																								(4533,'97873076','2019-02-06','17:07:05',271,NULL),																								
																								(4536,'413424946','2017-09-18','22:58:44',59,NULL),
																								(5650,'411854154','2017-10-19','03:54:45',160,NULL),
																								(5650,'412483731','2018-02-26','19:18:11',709,NULL),
																								(5383,'411112585','2018-08-08','19:30:00',533,30467996),
																								(5383,'411112585','2018-08-08','19:30:00',533,30467996),
																								(5383,'411112585','2018-08-09','19:30:00',633,35467996),
																								(5339,'413697557','2019-02-28','02:39:10',776,1550860),
																								(4506,'413032461','2019-12-17','21:35:17',29,NULL),
																								(4506,'413255179','2018-05-28','18:18:50',626,NULL),
																								(4506,'93619309','2019-11-19','09:12:21',501,NULL),
																								(4506,'92098176','2019-06-09','05:58:35',748,NULL),
																								(4506,'92484928','2018-07-02','15:23:56',279,NULL),
																								(4506,'99981860','2018-11-12','04:20:49',447,NULL),
																								(4506,'92243663','2019-02-28','00:16:22',563,NULL),
																								(4506,'95128633','2018-12-07','01:49:31',441,NULL),
																								(4508,'412590357','2018-05-05','13:54:14',748,NULL),
																								(4508,'99760397','2018-01-24','07:15:01',520,NULL),
																								(4508,'99062388','2019-01-28','06:40:26',88,NULL),
																								(4509,'411923953','2017-08-08','16:41:57',182,NULL),
																								(4509,'410350337','2019-02-25','05:53:43',719,NULL),
																								(4509,'410288940','2018-03-02','07:13:44',313,NULL),
																								(4509,'410833229','2019-03-04','08:40:52',142,NULL),
																								(4509,'410437304','2017-11-28','19:51:11',726,NULL),
																								(4509,'94205896','2018-10-05','05:15:53',255,NULL),
																								(4509,'411967620','2017-06-26','18:06:09',58,NULL),
																								(4509,'411552847','2018-06-29','13:10:56',205,NULL),
																								(4538,'411543588','2019-08-06','17:17:38',42,NULL),
																								(4538,'94406610','2019-09-09','22:09:08',93,NULL),
																								(4538,'93029317','2018-03-08','16:56:40',778,NULL),
																								(4538,'411292497','2019-06-13','17:24:45',22,NULL),
																								(4538,'410330676','2019-04-29','14:16:38',268,NULL),
																								(4538,'412656576','2019-07-31','01:13:11',17,NULL),
																								(4538,'99163962','2018-05-27','03:02:41',33,NULL),
																								(4538,'96043702','2018-12-03','17:43:14',679,NULL),
																								(4538,'96121389','2019-06-08','04:51:35',705,NULL),
																								(4538,'412434809','2019-04-25','19:20:52',337,NULL),
																								(4538,'413064383','2018-06-15','11:45:22',728,NULL),
																								(4539,'412715444','2018-07-24','01:33:47',7,NULL),
																								(4539,'412562383','2018-01-29','20:27:24',357,NULL),
																								(4539,'412315558','2019-02-21','21:16:55',281,NULL),
																								(4539,'410882214','2018-07-29','19:10:13',560,NULL),
																								(4539,'410211220','2017-10-19','07:25:31',75,NULL),
																								(4539,'410797100','2017-05-18','20:46:05',166,NULL),
																								(4539,'410834781','2018-05-25','21:49:10',75,NULL),
																								(4539,'410963291','2017-10-03','16:45:43',39,NULL),
																								(4539,'412859447','2019-01-29','17:53:43',289,NULL);
end;						


---Create Connect table
CREATE TABLE Connect (
					  ConnectID bigint identity(44550,1) primary key,
					  TowerID bigint,
					  CallsID bigint);

--Insert records into Connect table
go
begin
insert into Connect(TowerID,CallsID) values (150,36912),
											(150,36913),
											(150,36914),
											(150,36915),
											(150,36916),
											(150,36917),
											(150,36918),
											(150,36919),
											(150,36920),
											(150,36921),
											(150,36922),
											(150,36966),                                                                                                                                                                    (150,36966),
											(150,36967),
											(150,36968),
											(150,36969),
											(150,36970),
											(150,36971),
											(150,36972),
											(150,36973),
											(150,36974),
											(150,36975),
											(150,36976),
											(150,36977),
											(150,36978),
											(150,36979),
											(150,36980),
											(150,36981),
											(150,36982),
											(150,36983),
											(150,36984),
											(150,36985),
											(151,36986),
											(151,36987),
											(151,36988),
											(151,36989),
											(151,36990),
											(151,36991),
											(151,36992),
											(151,36993),
											(151,36994),
											(151,36995),
											(151,36996),
											(151,36997),
											(151,36998),
											(151,36999),
											(151,37000),
											(151,37023),
											(151,37024),
											(151,37025),
											(151,37026),
											(151,37027),
											(151,37028),
											(151,37029),
											(151,37030),
											(151,37031),
											(151,37032),
											(152,37033),
											(152,37034),
											(152,37035),
											(152,37036),
											(152,37037),
											(152,37038),
											(152,37039),
											(152,37040),
											(152,37041),
											(152,37042),
											(152,37043),
											(152,37044),
											(152,37045),
											(152,37046),
											(152,37047),
											(152,37048),
											(152,37049),
											(152,37050),
											(152,37051),
											(152,37052),
											(152,37053),
											(152,37054),
											(152,37055),
											(152,37056),
											(152,37057),
											(152,37058),
											(152,37059),
											(152,37060);
end;
	

----Create Customer table
CREATE TABLE Customer (
					   CustomerID int identity(20002,2) primary key,
					   Surname varchar(40),
					   Given varchar(40),
					   DOB date,
					   Sex char(1),
					   PhoneHome varchar(20),
					   PhoneWork varchar(20),
					   PhoneFax varchar(20),
					   Address varchar(80),
					   Suburb varchar(20),
					   State varchar(3),
					   Postcode varchar(5));

---Insert records into Customer table
go
begin
insert into Customer(Surname,Given,DOB,Sex,PhoneHome,PhoneWork,PhoneFax,Address,Suburb,State,Postcode) values   ('RAJOO','THINH MINH','1963-05-31','M','7842728','8251837','6955849','11 HILDA CRES','WINDSOR','VIC','3181'),
																												('PHONGWATCHARARUK','JERZY MIROSLAW','1976-09-30','M','3193758','7605475','4712175','44 BARRINGTON AVE','WERRIBEE','VIC','3030'),
																												('CHOW','SOW LIM','1968-01-23','F','2982091','8987299','3858354','17 KERFERD ROAD','MT WAVERLEY','VIC','3149'),
																												('LIVERIADIS','TONY','1978-01-04','M','8325704','2895567','6087051','413 MT ALEXANDER RD','BENTLEIGH','VIC','3165'),
																												('SAMARAWICKRAMA','JANE','1963-03-31','F','5023243','8408709','8954221','11 LARCH CRT','HAWTHORN','VIC','3122'),
																												('GILTRAP','ELIZABETH JANE','1958-09-07','F','5027598','6818511','8818802','9 ASH GVE','EAST DONCASTER','VIC','3109'),
																												('BINDEVIS','CATHERINE RAE','1960-10-20','F','3483203','3563880','6283518','8/47 DENBIGH RD','FERNTREE GULLY','VIC','3156'),
																												('QUAH','VICKI','2028-06-21','F','6985731','4922376','3101765','7 WOODVALE CLOSE','NTH RICHMOND','VIC','3121'),
																												('SUNDRALINGAM','EFFIE','2027-07-08','F','6462464','3716844','5595858','11/43 WILLIAMS RD','SUNBURY','VIC','3429'),
																												('NUTTON','DALLAS ANDREW','1972-06-09','M','3986068','2235782','6096005','5 MARALEE PALCE','NTH BALWYN','VIC','3104'),
																												('RUMAMBY','MARTIN MYAZAKI','1982-08-04','M','6211945','2623248','7267362','51 COOKSON ST','BLACKBURN','VIC','3130'),
																												('WONG','ERIC','1956-10-23','M','2741235','6698227','4722423','14 QUEENS COURT','STH CROYDON','VIC','3136'),
																												('JUNAEDI','PAULA JEANETTE','1968-06-19','F','8427340','3306454','3661901','26 DANGERFIELD DRIVE','MULGRAVE','VIC','3170'),
																												('THORNTON','KELVIN','1975-03-10','M','6795808','5964538','3697175','MITCHELL ST','MOOROOLBARK','VIC','3138'),
																												('MAH','LACHLAN JOHN','1985-12-04','M','8735621','7461422','7734256','14/19 WOOD ST','STRATHMORE','VIC','3041'),
																												('MARRIOTT','JEFFREY DANIEL','1993-10-17','M','7061596','8474802','4264865','H525 RSD CRESWICK ROAD','NORTH BLACKBURN','VIC','3130'),
																												('HUNTER','LIDIA','1966-06-26','F','6618478','4214026','3885000','20 BEEVERS ST','PARKVILLE','VIC','3052'),
																												('ELLERTON','EMMA KATHERINE','1990-05-07','F','7156148','5725406','2368803','19 AUSTIN ST','HAMLYN HEIGHTS','VIC','3215'),
																												('PETERS','JULIE KAREN','1963-12-10','F','6352634','8248234','2008410','15 MCCALLUM ST','PRAHRAN','VIC','3181'),
																												('WALLER','RODNEY STEVEN','1972-03-13','M','5217294','8202954','4421104','83 ELIZABETH ST','COLBINABBIN','VIC','3559'),
																												('TRUMBLE','WALTER IAN NEIL','1981-05-16','M','5072441','3352415','5034161','46 BENNET ST','HAWTHORN','VIC','3122'),
																												('YUNG','CHIUN THAU','1981-12-26','M','7575262','5131959','8606947','21 COUPER ANGUS GVE','ST ALBANS','VIC','3021'),
																												('GRENFELL','JEANNE MAREE','1977-09-03','F','4326970','4976316','4603430','30 CONNELL STREET','UPWEY','VIC','3158');
end;

---Create mobile table
CREATE TABLE Mobile (
					MobileID bigint identity(4500,1) primary key,
					PhoneNumber varchar(20),
					BrandName varchar(40),
					Joined date,
					Cancelled date,
					PlanName varchar(20),
					PhoneColour varchar(20),
					CustomerID bigint,
					StaffID int);
					
---Insert records into mobile table
go
begin
insert into Mobile(PhoneNumber,BrandName,Joined,Cancelled,PlanName,PhoneColour,CustomerID,StaffID) values   ('413448970','Samsung','2018-03-12','2018-11-02','ExtraSmall','Blue',20002,10),
																											('413941923','Apple','2017-07-15','2018-07-29','Medium','Transparent',20002,9),
																											('410717359','Oppo','2018-06-03','2020-01-24','ExtraSmall','Red',20004,9),
																											('412256126','Motorola','2017-04-05','2017-11-24','ExtraSmall','Brown',20006,6),
																											('410079801','Motorola','2018-05-02',NULL,'Budget1','Grey',20006,7),
																											('410589454','Oppo','2017-08-14',NULL,'Small','Rainbow',20008,5),
																											('411229676','Apple','2018-04-23','2019-01-22','Medium','Pink',20008,8),
																											('413980788','Apple','2018-06-25',NULL,'ExtraSmall','Transparent',20010,7),
																											('410783126','Motorola','2017-09-14',NULL,'Small','Pink',20010,3),
																											('410329528','Google','2017-06-17',NULL,'Small','Yellow',20012,9),
																											('411607013','Apple','2018-03-26',NULL,'Large','Green',20012,7),
																											('412093772','Apple','2016-09-29',NULL,'Medium','Silver',20018,6),
																											('412876638','Motorola','2017-01-13','2017-05-26','Small','Grey',22224,6),
																											('413807889','Motorola','2017-06-17',NULL,'Budget1','Unknown',22226,6),
																											('413672695','Apple','2018-06-25','2019-04-01','Budget1','Red',22228,7),
																											('411793133','Google','2018-01-27',NULL,'ExtraSmall','Transparent',22228,2),
																											('413368325','Motorola','2016-12-09',NULL,'Medium','Purple',22240,8),
																											('411642237','Samsung','2016-10-19',NULL,'ExtraSmall','Purple',22242,6),
																											('411793133','Samsung','2000-01-24',NULL,'Yes10','Black',22228,2);
end;

---Create Plan table
CREATE Table Plan_Detail (
				   PlanName varchar(20) primary key,
				   BreakFee decimal(8,2),
				   DataAllowance int,
				   MonthlyFee decimal(8,2),
				   PlanDuration int,
				   CallCharge int);

----Insert into Plan_Detail table
go
begin
insert into Plan_Detail(PlanName,BreakFee,DataAllowance,MonthlyFee,PlanDuration,CallCharge) values ('Budget1',0.00,0,0.00,0,10),
																								   ('Budget3',0.00,1,15.00,0,10),
																								   ('ExtraSmall',100.00,5,25.00,36,0),
																								   ('Large',400.00,60,50.00,24,0),
																								   ('Medium',300.00,40,50.00,24,0),
																								   ('Small',200.00,20,30.00,36,0);
end;

---Create Staff table
CREATE TABLE Staff (
					StaffID int identity(1,1) primary key,
					Surname varchar(40),
					Given varchar(40),
					DOB datetime,
					Sex char(1),
					Joined datetime,
					Resigned datetime,
					Address varchar(50),
					Suburb varchar(30),
					Postcode varchar(6),
					Phone varchar(15),
					SupervisorID int,
					Commission int,
					RatePerHour numeric);

---Insert into Staff table
go
begin
insert into Staff(Surname,Given,DOB,Sex,Joined,Resigned,Address,Suburb,Postcode,Phone,SupervisorID,Commission,RatePerHour) values   ('VELLA','SARATH AJITH L','1968-09-10 00:00:00','M','2012-04-16 00:00:00','2018-01-10 00:00:00','76 SAUNDERS ST','STH MELBOURNE','3153','8579410',0,0,22.21),
																																	('MARZELLA','PATRICK MICHAEL','1981-12-03 00:00:00','M','2012-03-09 00:00:00','2018-03-29 00:00:00','126 THE PARADE','NTH CARLTON','3146','93374764',1,0,17.87),
																																	('HILTON','HARRY RODNEY E','1994-03-18 00:00:00','F','2011-10-18 00:00:00',NULL,'24/49 WALSH ST','BIRREGURRA VIC','3205','97231600',0,0,18.83),
																																	('JAMIESON','TERRENCE IAN','1967-11-02 00:00:00','F','2012-07-12 00:00:00','2017-09-17 00:00:00','6 LIBRA CRT','ENDEAVOUR HILLS','3764','94392347',1,0,10.23),
																																	('SANDERS','RICHARD ANTHONY','1986-03-03 00:00:00','M','2013-01-21 00:00:00','2018-05-06 00:00:00','513 TOORONGA RD','COBURG','3146','3001193',1,0,16.02),
																																	('SUMMERS','TED','1983-08-04 00:00:00','M','2013-05-29 00:00:00','2020-01-08 00:00:00','4/39 BALSTON ST','NORTHCOTE','3802','9998877',1,0,18.75),
																																	('KNOL','VINCENZO','1968-09-10 00:00:00','F','2012-07-21 00:00:00',NULL,'41 LENNOX ST','NORTHCOTE','3044','98850345',3,0,11.46),
																																	('PORTELLI','CATHERINE MARY','1981-08-18 00:00:00','M','2012-09-23 00:00:00','2018-06-13 00:00:00','41 LENNOX ST','EAST BURWOOD VIC','3095','94994432',1,0,17.7),
																																	('KHOR','GLENDA JEAN','1989-04-27 00:00:00','M','2012-09-15 00:00:00','2018-10-29 00:00:00','10 AUSTIN ST','ESSENDON','3040','38502732',1,0,12.33),
																																	('SCANLON','MICHAEL JOHN','1993-11-26 00:00:00','M','2012-03-18 00:00:00',NULL,'5 NARR MAEN DVE','ESSENDON','3802','93762678',3,0,16.89);
end;

--Create Tower table
CREATE TABLE Tower (
					TowerID int identity(150,1) primary key,
					Location varchar(20),
					Bandwidth varchar(10),
					MaxConn int,
					SignalType varchar(2));

----Insert records into Tower table
go
begin
insert into Tower(Location,Bandwidth,MaxConn,SignalType) values ('WINDSOR','1216.21061',67,'4G'),
																('WERRIBEE','2614.84254',17,'4G'),
																('MT WAVERLEY','425.580963',66,'4G'),
																('BENTLEIGH','283.377288',86,'4G'),
																('HAWTHORN','140.143641',39,'4G'),
																('EAST DONCASTER','2850.58643',24,'4G'),
																('FERNTREE GULLY','1832.50134',93,'4G'),
																('NTH RICHMOND','610.747495',8,'4G'),
																('CARNEGIE','556.233544',42,'3G'),
																('CAULFIELD','948.925328',87,'3G'),
																('ABBOTSFORD','75.9261009',16,'5G'),
																('MACEDON','336.441147',39,'5G'),
																('NEWPORT','777.126985',30,'3G'),
																('HIGHTON','2876.31157',31,'5G'),
																('EMERALD','50.1770200',59,'5G'),
																('BRIGHT','621.950462',8,'4G'),
																('NORTH BLACKBURN','2959.22134',46,'4G'),
																('KANGAROO GROUND','930.255418',10,'5G'),
																('WEST BRUaNSWICK','1773.61315',5,'5G'),
																('COLBINABBIN','77.2996238',84,'4G'),
																('UPWEY','1065.65873',21,'5G');
end;

---Question1: Display all the customers having full names longer than 10 characters----

select CONCAT_WS(' ',Surname,Given) as [Full Name] from Customer
where len(CONCAT_WS(' ',Surname,Given))>10;

--Question2: List all the names of the customers if their names contain the string 'ON', ignore the case.
select CONCAT_WS(' ',c.Surname,c.Given) as [Full Name] from Customer as c
where CONCAT_WS(' ',c.Surname,c.Given) like '%ON%';

----Question3: Which plan has the highest number of cancelled phone numbers?
select M.PlanName,count(M.PhoneNumber) as [# Cancelled Phone Number] from Mobile as M
where Cancelled is null
group by M.PlanName
order by count(M.PhoneNumber) desc;

---Question4: How many customers have more than one active phone number?

select COUNT(CustomerID) as [# Customers] from Mobile where Cancelled is not null;

---Drill down of Question 4
select * from mobile where Cancelled is not null;

---Alternative to Question4 by join 2 tables
select count(M.CustomerID) as cust, COUNT(PhoneNumber) as Active_No from Mobile as M
inner join Customer as C
on M.CustomerID = C.CustomerID
where Cancelled is not null;

---Drill down of Question 4
select CONCAT_WS(' ',c.surname,c.given) as Customer_Name,count(M.CustomerID) as cust, COUNT(PhoneNumber) as Active_No from Mobile as M
inner join Customer as C
on M.CustomerID = C.CustomerID
where Cancelled is not null
group by CONCAT_WS(' ',c.surname,c.given);

---Question5: Generate a report displaying the total number of customers by each state.
select C.State, COUNT(CustomerID) as [No. of Customers] from Customer as C
group by c.State;

---Question6:Is there any staff who is also a customer? Write an SQL query to support your answer.
--No there is none because there's no criteria for relationship.
with Staff_T as (
					select S.Postcode,CONCAT(S.Surname,' ',S.Given) as Staff_Name from Staff as S),
    Customer_T as (
					select C.Postcode,concat(C.Surname,' ',C.Given) as Customer_Name
					from Customer as C)
select * from Staff_T as ST
inner join Customer_T as CT
on ST.Postcode = CT.Postcode;

--Yes there is using concantenated names to link.
with Staff_T as (
					select CONCAT(S.Surname,' ',S.Given) as Staff_Name from Staff as S),
    Customer_T as (
					select concat(C.Surname,' ',C.Given) as Customer_Name
					from Customer as C)
select * from Staff_T
union 
select * from Customer_T;

--Question7: Display the supervisor's details and the total number of staff they supervise.
select CONCAT_WS(' ',A.Surname,A.Given) as Supervisor_Name, B.SupervisorID, count(A.StaffID) as Total_Staff from Staff as A
inner join Staff as B
on A.StaffID = B.SupervisorID
where B.SupervisorID >= 1
group by B.SupervisorID,CONCAT_WS(' ',A.Surname,A.Given);

select * from Staff;
---Question8:List all the staff who are not supervisors.
select CONCAT_WS(' ',A.Surname,A.Given) as Non_Spervisor from Staff as A
where SupervisorID > 0;

---Question9: Did the total number of calls increase during the COVID lockdown period (2020) compared to 2019? Substantiate your answer with an SQL query.
--Ans: No
select YEAR(CallDate) as Year, COUNT(CallsID) as [# of Calls] from [Call]
where YEAR(CallDate) in ('2020','2019')
GROUP by YEAR(CallDate)
order by YEAR(CallDate) DESC;

---Question10: What is the second least popular phone colour among customers?
select top 2 PhoneColour,count(CustomerID) as Least_Popular_Phone_Colour from mobile
group by PhoneColour
having count(CustomerID) <= 1
order by PhoneColour;

---Question11: List all the customers who are not active. A customer should be considered not active if they have no active phone number registered under their name.
select CONCAT(C.Surname,' ',C.Given) as Full_Name, M.phonenumber from Customer as C
inner join Mobile as M
on C.CustomerID = M.CustomerID
where M.Cancelled is null;

---Question12: What plan is most popular amoung customers who are born before the 1960s?
select M.PlanName, COUNT(M.PlanName) as #_PlanName from Mobile as M
inner join Customer as C
on M.CustomerID = C.CustomerID
where year(C.DOB) < 1960
group by M.PlanName
order by M.PlanName;

---Question13: Write a query to display the total income generated by the company in 2019 from call charges based on gender.
--Assume call duration is recorded in seconds and calls are charged per minute.

select Cust.Sex, SUM(P.CallCharge * (C.CallDuration/60)) as Total_Income from Call as C
inner join Mobile as M
on C.MobileID = M.MobileID
inner join Plan_Detail as P
on M.PlanName = P.PlanName
inner join Customer as Cust
on M.CustomerID = Cust.CustomerID
where YEAR(C.CallDate) = '2019'
group by Cust.Sex;

---Question14: Is there any mobile plan in the plan table that has never been used? Show using
--i. Sub-query
--ii. Joins

select * from Plan_Detail;
select * from Mobile;
---Ans: (i)
select P.PlanName from Plan_Detail as P
where P.MonthlyFee = 0;

----Ans: (ii)
select distinct(P.PlanName) from Plan_Detail as P
inner join Mobile as M
on P.PlanName = M.PlanName
where P.MonthlyFee = 0;

----Question15: Which tower(s) were used by customer 20010 to make the first call?
select T.TowerID,T.Location,T.SignalType from Tower as T
inner join Connect as Conn
on T.TowerID = Conn.TowerID
inner join Call as C
on Conn.CallsID = C.CallsID
inner join Mobile as M
on C.MobileID = M.MobileID
inner join Customer as Cust
on M.CustomerID = Cust.CustomerID
where Cust.CustomerID in (20010)
order by T.TowerID;

---Question17:
---i. Create a view showing the popularity of phone colours based on the number of active users.
create view [Phone colours Popularity]
as
select M.PhoneColour, COUNT(M.PhoneNumber) as Popularity from Mobile as M
where M.Cancelled is not null
group by M.PhoneColour;

select PCP.PhoneColour, PCP.Popularity from [Phone colours Popularity] as PCP												---Retrieve info from view table
order by PCP.Popularity desc;

---ii. Use this view to show the least popular colour.
select top 1 PCP.PhoneColour, MIN(PCP.Popularity) as [Least Popular Colour]	from [Phone colours Popularity] as PCP			---Retrieve info from view table									
group by PCP.PhoneColour
order by MIN(PCP.Popularity) asc;

---Method 2: This is the best approach to attempt the problem
----i.
select PCP.PhoneColour, PCP.Popularity, ROW_NUMBER() over(order by PCP.Popularity desc) as [Position]    					---Retrieve info from view table
from [Phone colours Popularity] as PCP;      

---ii. Use this view to show the least popular colour.
select top 1 PCP.PhoneColour, MIN(PCP.Popularity) as [Least Popular], 														---Retrieve info from view table
ROW_NUMBER() over(order by MIN(PCP.Popularity) asc) as [Position]	
from [Phone colours Popularity] as PCP											
group by PCP.PhoneColour;

---Question18: Write a query to fetch the data about the first call, including the customer details, the phone number the call was made and the
---total number of towers used for the connection. The expected output of the query is shown below.
---Table: Customerid; given; phonenumber;  calldate;  totTowersUsed
		 ---21862	   GLEN;   413621268;  2016-09-24;    3
---Ans:
select top 1 Cust.CustomerID, Cust.Given, M.PhoneNumber, C.calldate, count(T.TowerID) as [Total Towers Used] from Customer as Cust
inner join Mobile as M
on Cust.CustomerID = M.CustomerID
inner join Call as C
on M.MobileID = C.MobileID
inner join Connect as Conn
on C.CallsID = Conn.CallsID
inner join Tower as T
on Conn.TowerID = T.TowerID
group by Cust.CustomerID,Cust.Given,M.PhoneNumber, C.calldate
order by C.CallDate asc;

----Question19: Who is the youngest and oldest customer of postcode 3181, having an iphone?
---Method 1:
select CONCAT(C.Surname,' ',C.Given) as Full_Name, min(DATEDIFF(year,C.DOB,GETDATE())) as Youngest_Customer, max(DATEDIFF(year,C.DOB,GETDATE())) as Oldest_Customer 
from Customer as C
inner join Mobile as M
on C.CustomerID = M.CustomerID
where C.Postcode in (3181) and M.BrandName in ('Apple')
group by CONCAT(Surname,' ',Given);

---Method 2:
with Youngest_Cust as (
						select A.CustomerID,CONCAT(A.Surname,' ',A.Given) as Full_Name, min(DATEDIFF(year,A.DOB,GETDATE())) as Youngest_Customer 
						from Customer as A
						group by A.CustomerID,CONCAT(A.Surname,' ',A.Given)),
	 Oldest_Cust as (
						select B.CustomerID,CONCAT(B.Surname,' ',B.Given) as Full_Name, max(DATEDIFF(year,B.DOB,GETDATE())) as Oldest_Customer 
						from Customer as B
						group by B.CustomerID,CONCAT(B.Surname,' ',B.Given))
select distinct(CONCAT(C.Surname,' ',C.Given)) as Full_Name, YC.Youngest_Customer, OC.Oldest_Customer from Customer as C
inner join Youngest_Cust as YC
on C.CustomerID = YC.CustomerID
inner join Oldest_Cust as OC
on C.CustomerID = OC.CustomerID
inner join Mobile as M
on C.CustomerID = M.CustomerID
where Postcode in (3181)
and M.BrandName in ('Apple');
---Both are used for verification
--Method 3:
select distinct(CONCAT(C.Surname,' ',C.Given)) as Full_Name, min(DATEDIFF(year,C.DOB,GETDATE())) as Youngest_Customer, max(DATEDIFF(year,C.DOB,GETDATE())) as Oldest_Customer
from Customer as C
inner join Mobile as M
on C.CustomerID = M.CustomerID
where postcode in (3181)
and M.BrandName in ('Apple')
and DATEDIFF(year,C.DOB,GETDATE()) > 0 
group by CONCAT(C.Surname,' ',C.Given)
order by min(DATEDIFF(year,C.DOB,GETDATE())), max(DATEDIFF(year,C.DOB,GETDATE())) desc;

----Question20: In not more than 200 words, comment on whether the tables are in 3NF. Justify your argument with relevant examples, and then
---explain at least two ways to improve this database based on what you have learned in weeks 1-8. Draw specific examples from the database
---to support your answer.


